member_casual,ride_length_minutes
casual,19.91695351469722
member,12.233122195083702
